,dataset,f1,pr_auc,roc_auc,tpr,fpr,precision,accuracy,training_time(sec),Inference_time(sec),folds_best_params
0,2d-gesture.csv,0.2404383021,0.1744524527,0.3177508826,0.3836339847,0.5234791656,0.3418579125,0.3848484848,856.0995,3.8905,"{'learning_rate': 0.01, 'loss': 'msle', 'clipnorm': 1, 'epochs': 1, 'steps_per_epoch': 14, 'batch_size': None}"
1,2d-gesture.csv,0.2020001387,0.1656980643,0.1815637588,0.4003709127,0.7006808496,0.1453483927,0.554,1014.5335,6.0118,"{'learning_rate': 0.01, 'loss': 'mse', 'clipnorm': 2, 'epochs': 1, 'steps_per_epoch': 14, 'batch_size': None}"
2,2d-gesture.csv,0.2316114256,0.1701752729,0.3344148322,0.4739355279,0.6605599987,0.1847983956,0.6424242424,1013.7961,5.073,"{'learning_rate': 0.007, 'loss': 'mse', 'clipnorm': 2.5, 'epochs': 1, 'steps_per_epoch': 14, 'batch_size': None}"
3,2d-gesture.csv,0.1831735496,0.1476936428,0.2352689773,0.4027628177,0.6162941164,0.1302670074,0.6727272727,964.0692,4.2157,"{'learning_rate': 0.007, 'loss': 'mse', 'clipnorm': 2.5, 'epochs': 1, 'steps_per_epoch': 14, 'batch_size': None}"
4,2d-gesture.csv,0.1815952654,0.1761933767,0.161689684,0.343265908,0.6782765943,0.1321629348,0.4509090909,1064.1724,5.9649,"{'learning_rate': 0.005, 'loss': 'mse', 'clipnorm': 2, 'epochs': 1, 'steps_per_epoch': 14, 'batch_size': None}"
5,2d-gesture.csv,0.1786750737,0.1618225573,0.1749727654,0.362104818,0.7001249985,0.1290788142,0.5015151515,1062.7645,3.9792,"{'learning_rate': 0.007, 'loss': 'mse', 'clipnorm': 2.5, 'epochs': 1, 'steps_per_epoch': 14, 'batch_size': None}"
6,2d-gesture.csv,0.1749280228,0.1616482006,0.199380445,0.3513360273,0.6718541653,0.1246565322,0.5363636364,1055.6643,3.1096,"{'learning_rate': 0.007, 'loss': 'mse', 'clipnorm': 2.5, 'epochs': 1, 'steps_per_epoch': 14, 'batch_size': None}"
7,2d-gesture.csv,0.08380481772,0.1312720179,0.01391666655,0.2041869035,0.6594199987,0.05277719622,0.4060606061,1072.261,3.31,"{'learning_rate': 0.01, 'loss': 'mse', 'clipnorm': 2, 'epochs': 1, 'steps_per_epoch': 14, 'batch_size': None}"
8,2d-gesture.csv,0.2521360325,0.2529996652,0.4414147568,0.4123946055,0.4741041657,0.2289648136,0.5421212121,969.7255,5.2203,"{'learning_rate': 0.007, 'loss': 'mse', 'clipnorm': 2.5, 'epochs': 1, 'steps_per_epoch': 14, 'batch_size': None}"
9,2d-gesture.csv,0.2340963221,0.2210712884,0.34058106,0.382499998,0.5380638286,0.1980088384,0.5015151515,731.3076,2.0334,"{'learning_rate': 0.005, 'loss': 'mse', 'clipnorm': 1, 'epochs': 1, 'steps_per_epoch': 14, 'batch_size': None}"
0,chfdb_chf01_275.csv,0.4480715289,0.2511904661,0.3333333153,0.7966666432,0.8669999856,0.3172309486,0.5,701.0553,2.5026,"{'learning_rate': 0.01, 'loss': 'mse', 'clipnorm': 1, 'epochs': 1, 'steps_per_epoch': 3, 'batch_size': None}"
1,chfdb_chf01_275.csv,0.3695946442,0.2777777501,0.7142856327,0.908499946,0.8508571307,0.2418972185,0.3,883.7701,3.1844,"{'learning_rate': 0.01, 'loss': 'msle', 'clipnorm': 1, 'epochs': 1, 'steps_per_epoch': 3, 'batch_size': None}"
2,chfdb_chf01_275.csv,0.418119007,0.253968242,0.3888888667,0.7683333082,0.7716666538,0.303402376,0.4,887.2003,2.8004,"{'learning_rate': 0.01, 'loss': 'msle', 'clipnorm': 2, 'epochs': 1, 'steps_per_epoch': 3, 'batch_size': None}"
3,chfdb_chf01_275.csv,0.5014866761,0.3888888597,0.5555555306,0.8196666419,0.7613333206,0.4938261677,0.3,957.3104,6.0054,"{'learning_rate': 0.005, 'loss': 'msle', 'clipnorm': 2, 'epochs': 1, 'steps_per_epoch': 3, 'batch_size': None}"
4,chfdb_chf01_275.csv,0.4559666197,0.1547619015,0.3749999802,0.8458333044,0.8803333187,0.3543142769,0.4,873.588,3.1101,"{'learning_rate': 0.01, 'loss': 'msle', 'clipnorm': 2, 'epochs': 1, 'steps_per_epoch': 3, 'batch_size': None}"
5,chfdb_chf01_275.csv,0.4696840772,0.3077380791,0.5972221913,0.7046666455,0.6363333227,0.5060428312,0.6,928.2387,3.0766,"{'learning_rate': 0.01, 'loss': 'mse', 'clipnorm': 1, 'epochs': 1, 'steps_per_epoch': 3, 'batch_size': None}"
6,chfdb_chf01_275.csv,0.5056724049,0.2516864982,0.4166666493,0.8232499794,0.8514999858,0.4025313406,0.4,908.677,2.6944,"{'learning_rate': 0.01, 'loss': 'msle', 'clipnorm': 2, 'epochs': 1, 'steps_per_epoch': 3, 'batch_size': None}"
7,chfdb_chf01_275.csv,0.2749920365,0.3194444259,0.6666666222,0.5419999783,0.59899999,0.1870904734,0.5,927.3027,6.8802,"{'learning_rate': 0.01, 'loss': 'mse', 'clipnorm': 1, 'epochs': 1, 'steps_per_epoch': 3, 'batch_size': None}"
8,chfdb_chf01_275.csv,0.457979468,0.1676587265,0.05555555278,0.8566666412,0.9399999843,0.3137476157,0.4,955.8,2.5357,"{'learning_rate': 0.01, 'loss': 'msle', 'clipnorm': 1, 'epochs': 1, 'steps_per_epoch': 3, 'batch_size': None}"
9,chfdb_chf01_275.csv,0.1586231457,0.1319444421,0.2380952244,0.377999982,0.5809999917,0.1028972209,0.5,950.0346,3.1763,"{'learning_rate': 0.01, 'loss': 'mse', 'clipnorm': 1, 'epochs': 1, 'steps_per_epoch': 3, 'batch_size': None}"
0,chfdb_chf13_45590.csv,0.4380999562,0.1250000041,0.2499999688,0.9029999479,0.9464999763,0.2931880904,0.3333333333,724.7019,3.1247,"{'learning_rate': 0.007, 'loss': 'msle', 'clipnorm': 1, 'epochs': 1, 'steps_per_epoch': 2, 'batch_size': None}"
1,chfdb_chf13_45590.csv,0.5090904279,0.1499999992,0,0.9224999611,0.9677499758,0.3537618994,0.4285714286,890.1645,3.5248,"{'learning_rate': 0.01, 'loss': 'msle', 'clipnorm': 2, 'epochs': 1, 'steps_per_epoch': 2, 'batch_size': None}"
2,chfdb_chf13_45590.csv,0.466495189,0.162499998,0.1249999906,0.8869999582,0.9754999756,0.3177285662,0.3333333333,997.7945,3.5794,"{'learning_rate': 0.01, 'loss': 'msle', 'clipnorm': 2, 'epochs': 1, 'steps_per_epoch': 2, 'batch_size': None}"
3,chfdb_chf13_45590.csv,0.2659047341,0.08333333492,0,0.70399995,0.9837999803,0.1659047594,0.2857142857,928.4786,2.6032,"{'learning_rate': 0.01, 'loss': 'msle', 'clipnorm': 2, 'epochs': 1, 'steps_per_epoch': 2, 'batch_size': None}"
4,chfdb_chf13_45590.csv,0.4233570957,0.16666666,0.4999999542,0.9041666015,0.881249978,0.3416523668,0.3333333333,919.1626,7.6562,"{'learning_rate': 0.01, 'loss': 'msle', 'clipnorm': 2, 'epochs': 1, 'steps_per_epoch': 2, 'batch_size': None}"
5,chfdb_chf13_45590.csv,0.5232570908,0.3472221988,0.583333291,0.9279999604,0.9174999771,0.3743047551,0.4285714286,927.6972,2.626,"{'learning_rate': 0.01, 'loss': 'msle', 'clipnorm': 2, 'epochs': 1, 'steps_per_epoch': 2, 'batch_size': None}"
6,chfdb_chf13_45590.csv,0.5840808971,0.4166666327,0.8333332722,0.9279999676,0.8772499781,0.4742952237,0.4285714286,992.0527,3.0149,"{'learning_rate': 0.01, 'loss': 'msle', 'clipnorm': 2, 'epochs': 1, 'steps_per_epoch': 2, 'batch_size': None}"
7,chfdb_chf13_45590.csv,0.5597380411,0.1666666682,0.3333332889,0.9249999513,0.8863333038,0.4069166587,0.5,978.8913,2.5753,"{'learning_rate': 0.01, 'loss': 'msle', 'clipnorm': 2, 'epochs': 1, 'steps_per_epoch': 2, 'batch_size': None}"
8,chfdb_chf13_45590.csv,0.5414189942,0.2499999863,0.3333332889,0.955999945,0.9756666341,0.3863166593,0.5,906.687,2.9023,"{'learning_rate': 0.007, 'loss': 'msle', 'clipnorm': 1, 'epochs': 1, 'steps_per_epoch': 2, 'batch_size': None}"
9,chfdb_chf13_45590.csv,0.6034523233,0.333333312,0.4999999583,0.9079999655,0.8956666368,0.4556999909,0.5,962.0953,2.6037,"{'learning_rate': 0.01, 'loss': 'msle', 'clipnorm': 2, 'epochs': 1, 'steps_per_epoch': 2, 'batch_size': None}"
0,chfdbchf15.csv,0.0901528113,0.07417581992,0.2941176306,0.4359999782,0.5588235261,0.05037196676,0.8947368421,765.1666,2.9286,"{'learning_rate': 0.007, 'loss': 'mse', 'clipnorm': 2.5, 'epochs': 1, 'steps_per_epoch': 4, 'batch_size': None}"
1,chfdbchf15.csv,0.2451697021,0.1964285531,0.794117588,0.8344999492,0.5711764672,0.159311126,0.8947368421,961.6678,3.2163,"{'learning_rate': 0.01, 'loss': 'mse', 'clipnorm': 2, 'epochs': 1, 'steps_per_epoch': 4, 'batch_size': None}"
2,chfdbchf15.csv,0.11616567,0.07550994537,0.1770833248,0.4833333122,0.6563124959,0.06638224954,0.8421052632,946.2304,3.0084,"{'learning_rate': 0.01, 'loss': 'mse', 'clipnorm': 1, 'epochs': 1, 'steps_per_epoch': 4, 'batch_size': None}"
3,chfdbchf15.csv,0.0375342325,0.03846153834,0.2941176159,0.2399999825,0.4439411739,0.02046966164,0.8947368421,965.2272,3.9916,"{'learning_rate': 0.007, 'loss': 'mse', 'clipnorm': 2.5, 'epochs': 1, 'steps_per_epoch': 4, 'batch_size': None}"
4,chfdbchf15.csv,0.1772378077,0.1444444374,0.4583333152,0.4469999847,0.4973749969,0.116105934,0.8421052632,926.2583,3.3524,"{'learning_rate': 0.01, 'loss': 'mse', 'clipnorm': 1, 'epochs': 1, 'steps_per_epoch': 4, 'batch_size': None}"
5,chfdbchf15.csv,0.06174620189,0.0666666656,0.3749999695,0.2909999824,0.4577499971,0.03488166445,0.8421052632,933.3238,2.8852,"{'learning_rate': 0.01, 'loss': 'mse', 'clipnorm': 2, 'epochs': 1, 'steps_per_epoch': 4, 'batch_size': None}"
6,chfdbchf15.csv,0.2657471077,0.2233796135,0.6770832977,0.7243333024,0.5875624963,0.1994428409,0.8421052632,914.6189,3.8088,"{'learning_rate': 0.005, 'loss': 'mse', 'clipnorm': 1, 'epochs': 1, 'steps_per_epoch': 4, 'batch_size': None}"
7,chfdbchf15.csv,0.1804448495,0.1285417954,0.3958333177,0.5353333155,0.5973749963,0.1128968359,0.8421052632,939.9515,3.0099,"{'learning_rate': 0.007, 'loss': 'mse', 'clipnorm': 2.5, 'epochs': 1, 'steps_per_epoch': 4, 'batch_size': None}"
8,chfdbchf15.csv,0.1517662593,0.1049450483,0.5294117351,0.580499971,0.5581764673,0.08926779529,0.8947368421,960.8982,3.0322,"{'learning_rate': 0.01, 'loss': 'mse', 'clipnorm': 2, 'epochs': 1, 'steps_per_epoch': 4, 'batch_size': None}"
9,chfdbchf15.csv,0.1372188784,0.112499996,0.6249999617,0.4794999755,0.4162499974,0.08227538504,0.8421052632,910.1511,3.4389,"{'learning_rate': 0.01, 'loss': 'mse', 'clipnorm': 1, 'epochs': 1, 'steps_per_epoch': 4, 'batch_size': None}"
0,ltstdb_20221_43.csv,0.3596475792,0.2874999758,0.4999999625,0.6524999674,0.6962499826,0.2575666607,0.3333333333,767.4667,4.6731,"{'learning_rate': 0.01, 'loss': 'msle', 'clipnorm': 1, 'epochs': 1, 'steps_per_epoch': 2, 'batch_size': None}"
1,ltstdb_20221_43.csv,0.396999958,0.1666666607,0.3333332889,0.738999952,0.8029999732,0.2729499939,0.4,1047.2859,3.2488,"{'learning_rate': 0.01, 'loss': 'msle', 'clipnorm': 1, 'epochs': 1, 'steps_per_epoch': 2, 'batch_size': None}"
2,ltstdb_20221_43.csv,0.3006666387,0.1666666744,0,0.4299999799,0.8989999551,0.2345333282,0.6,1058.3294,2.7344,"{'learning_rate': 0.01, 'loss': 'msle', 'clipnorm': 1, 'epochs': 1, 'steps_per_epoch': 2, 'batch_size': None}"
3,ltstdb_20221_43.csv,0.4722142296,0.1249999944,0.4999999583,0.8944999303,0.8799999707,0.3685833179,0.25,1051.4636,3.7512,"{'learning_rate': 0.01, 'loss': 'msle', 'clipnorm': 1, 'epochs': 1, 'steps_per_epoch': 2, 'batch_size': None}"
4,ltstdb_20221_43.csv,0.6669880334,0.3888888652,0.4583332931,0.8758333028,0.9044999548,0.5424333213,0.6,889.2015,3.5014,"{'learning_rate': 0.01, 'loss': 'msle', 'clipnorm': 1, 'epochs': 1, 'steps_per_epoch': 2, 'batch_size': None}"
5,ltstdb_20221_43.csv,0.4972856628,0.2249999836,0,0.8634999568,0.9706666343,0.3494499929,0.4,861.812,2.8413,"{'learning_rate': 0.01, 'loss': 'msle', 'clipnorm': 1, 'epochs': 1, 'steps_per_epoch': 2, 'batch_size': None}"
6,ltstdb_20221_43.csv,0.2311999755,0.1250000006,0,0.4549999689,0.8923333036,0.1567999967,0.25,906.1007,2.8297,"{'learning_rate': 0.005, 'loss': 'msle', 'clipnorm': 1, 'epochs': 1, 'steps_per_epoch': 2, 'batch_size': None}"
7,ltstdb_20221_43.csv,0.5562666089,0.3888888596,0.3333333056,0.8719999437,0.8899999555,0.4244666555,0.6,943.5339,2.7276,"{'learning_rate': 0.01, 'loss': 'msle', 'clipnorm': 1, 'epochs': 1, 'steps_per_epoch': 2, 'batch_size': None}"
8,ltstdb_20221_43.csv,0.6113665959,0.3333333022,0.49999995,0.6961666307,0.5069999747,0.731233279,0.5,974.4153,4.3125,"{'learning_rate': 0.01, 'loss': 'msle', 'clipnorm': 1, 'epochs': 1, 'steps_per_epoch': 2, 'batch_size': None}"
9,ltstdb_20221_43.csv,0.5353047016,0.1249999944,0.4999999583,0.853499957,0.8819999706,0.4261499842,0.4,831.2029,2.5042,"{'learning_rate': 0.01, 'loss': 'msle', 'clipnorm': 1, 'epochs': 1, 'steps_per_epoch': 2, 'batch_size': None}"
0,ltstdb_20321_240.csv,0.2435783998,0.1829365007,0.099999993,0.4598333149,0.7785999844,0.1664940453,0.6,716.978,3.9785,"{'learning_rate': 0.01, 'loss': 'msle', 'clipnorm': 1, 'epochs': 1, 'steps_per_epoch': 2, 'batch_size': None}"
1,ltstdb_20321_240.csv,0.1268224988,0.08333334043,0,0.2609999876,0.4927999901,0.08513690365,0.6,864.7364,2.1743,"{'learning_rate': 0.01, 'loss': 'msle', 'clipnorm': 1, 'epochs': 1, 'steps_per_epoch': 2, 'batch_size': None}"
2,ltstdb_20321_240.csv,0.3453365422,0.2555555417,0.3333333122,0.6259999751,0.7347999853,0.2453345198,0.5085714286,869.7497,3.7545,"{'learning_rate': 0.01, 'loss': 'msle', 'clipnorm': 1, 'epochs': 1, 'steps_per_epoch': 2, 'batch_size': None}"
3,ltstdb_20321_240.csv,0.3476285275,0.2583333118,0.5833332944,0.6429999679,0.5856666569,0.2634809447,0.55,920.7426,2.9018,"{'learning_rate': 0.01, 'loss': 'msle', 'clipnorm': 1, 'epochs': 1, 'steps_per_epoch': 2, 'batch_size': None}"
4,ltstdb_20321_240.csv,0.4604506018,0.4138888608,0.6666666311,0.6846666437,0.5857999883,0.3673523728,0.7,960.9759,3.2312,"{'learning_rate': 0.01, 'loss': 'msle', 'clipnorm': 1, 'epochs': 1, 'steps_per_epoch': 2, 'batch_size': None}"
5,ltstdb_20321_240.csv,0.4006413665,0.3017856962,0.3999999787,0.6476666451,0.7655999847,0.3071142796,0.7,923.0805,4.1551,"{'learning_rate': 0.01, 'loss': 'msle', 'clipnorm': 1, 'epochs': 1, 'steps_per_epoch': 2, 'batch_size': None}"
6,ltstdb_20321_240.csv,0.3787564432,0.2539682396,0.2666666524,0.5856666457,0.7625999847,0.3078999924,0.7,887.2087,2.3587,"{'learning_rate': 0.002, 'loss': 'msle', 'clipnorm': 1, 'epochs': 1, 'steps_per_epoch': 2, 'batch_size': None}"
7,ltstdb_20321_240.csv,0.1979166465,0.2492063367,0,0.3209999893,0.6137499847,0.1434285693,0.5085714286,942.6172,3.1707,"{'learning_rate': 0.01, 'loss': 'msle', 'clipnorm': 1, 'epochs': 1, 'steps_per_epoch': 2, 'batch_size': None}"
8,ltstdb_20321_240.csv,0.2531713972,0.1999999921,0,0.4266666498,0.879749978,0.1823904732,0.6142857143,966.6167,3.6296,"{'learning_rate': 0.01, 'loss': 'msle', 'clipnorm': 1, 'epochs': 1, 'steps_per_epoch': 2, 'batch_size': None}"
9,ltstdb_20321_240.csv,0.309853935,0.2458333147,0.499999965,0.6064999697,0.600799988,0.2113809484,0.6142857143,990.4143,3.0136,"{'learning_rate': 0.01, 'loss': 'msle', 'clipnorm': 1, 'epochs': 1, 'steps_per_epoch': 2, 'batch_size': None}"
0,mitdb__100_180.csv,0.1110577353,0.1547618979,0.49999997,0.286999986,0.4127999959,0.06924921661,0.7272727273,745.1964,5.4019,"{'learning_rate': 0.005, 'loss': 'mse', 'clipnorm': 1, 'epochs': 1, 'steps_per_epoch': 3, 'batch_size': None}"
1,mitdb__100_180.csv,0.06023854708,0.06818181936,0,0.2129999878,0.6424999936,0.03553962675,0.3846153846,894.9865,3.208,"{'learning_rate': 0.007, 'loss': 'msle', 'clipnorm': 1, 'epochs': 1, 'steps_per_epoch': 3, 'batch_size': None}"
2,mitdb__100_180.csv,0.5218460945,0.3939393555,0.699999968,0.7326666394,0.401799996,0.5363200449,0.8461538462,923.1124,2.756,"{'learning_rate': 0.005, 'loss': 'msle', 'clipnorm': 2, 'epochs': 1, 'steps_per_epoch': 3, 'batch_size': None}"
3,mitdb__100_180.csv,0.7254253752,0.7499999448,0.9999999639,0.7699999808,0.2033333311,0.8332887789,0.9230769231,875.5908,3.1623,"{'learning_rate': 0.01, 'loss': 'msle', 'clipnorm': 2, 'epochs': 1, 'steps_per_epoch': 3, 'batch_size': None}"
4,mitdb__100_180.csv,0.1020085349,0.09402356802,0.2249999857,0.25699999,0.5450999945,0.06510628751,0.5384615385,946.579,3.2673,"{'learning_rate': 0.007, 'loss': 'msle', 'clipnorm': 1, 'epochs': 1, 'steps_per_epoch': 3, 'batch_size': None}"
5,mitdb__100_180.csv,0.3337934014,0.3045634736,0.7499999667,0.5613333121,0.3861999961,0.2661175496,0.8333333333,923.007,4.6408,"{'learning_rate': 0.005, 'loss': 'msle', 'clipnorm': 2, 'epochs': 1, 'steps_per_epoch': 3, 'batch_size': None}"
6,mitdb__100_180.csv,0.3798165816,0.2341269696,0.7666666251,0.8019999674,0.6512999935,0.310240199,0.6923076923,924.8269,2.5197,"{'learning_rate': 0.007, 'loss': 'msle', 'clipnorm': 1, 'epochs': 1, 'steps_per_epoch': 3, 'batch_size': None}"
7,mitdb__100_180.csv,0.07869138404,0.1111111094,0.3499999807,0.1909999922,0.3399999966,0.05093335497,0.6923076923,972.2392,2.9609,"{'learning_rate': 0.005, 'loss': 'msle', 'clipnorm': 2, 'epochs': 1, 'steps_per_epoch': 3, 'batch_size': None}"
8,mitdb__100_180.csv,0.06276957265,0.1372354441,0.2833333186,0.1586666608,0.4487999955,0.03954859548,0.4615384615,942.966,3.1145,"{'learning_rate': 0.005, 'loss': 'msle', 'clipnorm': 2, 'epochs': 1, 'steps_per_epoch': 3, 'batch_size': None}"
9,mitdb__100_180.csv,0.08437033799,0.07142857302,0.399999956,0.2809999831,0.4368999956,0.05038088257,0.7692307692,918.0109,2.478,"{'learning_rate': 0.007, 'loss': 'msle', 'clipnorm': 1, 'epochs': 1, 'steps_per_epoch': 3, 'batch_size': None}"
0,stdb_308_0.csv,0.07178149501,0.04166667238,0.08333332431,0.238999989,0.4629999961,0.04292051253,0.7333333333,704.8946,2.9389,"{'learning_rate': 0.01, 'loss': 'mse', 'clipnorm': 1, 'epochs': 1, 'steps_per_epoch': 4, 'batch_size': None}"
1,stdb_308_0.csv,0.0759201555,0.05000000285,0.2499999729,0.3549999737,0.4890833293,0.04323729572,0.8,944.9096,4.3319,"{'learning_rate': 0.01, 'loss': 'mse', 'clipnorm': 1, 'epochs': 1, 'steps_per_epoch': 4, 'batch_size': None}"
2,stdb_308_0.csv,0.06743919331,0.04166667315,0,0.2449999852,0.6113636308,0.04027509128,0.7333333333,1019.7403,3.2945,"{'learning_rate': 0.01, 'loss': 'mse', 'clipnorm': 1, 'epochs': 1, 'steps_per_epoch': 4, 'batch_size': None}"
3,stdb_308_0.csv,0.08068247257,0.04166667315,0,0.2139999929,0.5357272679,0.05018058574,0.7333333333,1027.7581,3.3182,"{'learning_rate': 0.01, 'loss': 'mse', 'clipnorm': 1, 'epochs': 1, 'steps_per_epoch': 4, 'batch_size': None}"
4,stdb_308_0.csv,0.1571404598,0.124999995,0.7499999354,0.513999969,0.4114166632,0.09324431012,0.8,873.0873,5.249,"{'learning_rate': 0.01, 'loss': 'mse', 'clipnorm': 1, 'epochs': 1, 'steps_per_epoch': 4, 'batch_size': None}"
5,stdb_308_0.csv,0.06982233728,0.04545454885,0.1666666486,0.3079999775,0.6087499949,0.04002137832,0.8,893.317,2.5206,"{'learning_rate': 0.01, 'loss': 'mse', 'clipnorm': 1, 'epochs': 1, 'steps_per_epoch': 4, 'batch_size': None}"
6,stdb_308_0.csv,0.07586720625,0.0500000055,0.181818162,0.2859999803,0.5185454498,0.04502680617,0.7333333333,1012.3785,3.5768,"{'learning_rate': 0.01, 'loss': 'mse', 'clipnorm': 1, 'epochs': 1, 'steps_per_epoch': 4, 'batch_size': None}"
7,stdb_308_0.csv,0.09167160265,0.0681818189,0.1666666569,0.3334999842,0.6553333279,0.0533833829,0.8,907.8825,3.5096,"{'learning_rate': 0.01, 'loss': 'mse', 'clipnorm': 1, 'epochs': 1, 'steps_per_epoch': 4, 'batch_size': None}"
8,stdb_308_0.csv,0.1100515371,0.1017045422,0.3333333139,0.3344999876,0.4579999962,0.06595944563,0.8,988.2196,3.1111,"{'learning_rate': 0.01, 'loss': 'mse', 'clipnorm': 1, 'epochs': 1, 'steps_per_epoch': 4, 'batch_size': None}"
9,stdb_308_0.csv,0.1578698307,0.1666666556,0.6363635692,0.5853332991,0.6165454489,0.09249094164,0.1538461538,856.2229,3.2627,"{'learning_rate': 0.01, 'loss': 'msle', 'clipnorm': 2, 'epochs': 1, 'steps_per_epoch': 4, 'batch_size': None}"
0,xmitdb_x108_0.csv,0.3314944753,0.08333334384,0,0.6359999733,0.8863999823,0.228450394,0.5555555556,758.8036,3.1774,"{'learning_rate': 0.01, 'loss': 'mse', 'clipnorm': 1, 'epochs': 1, 'steps_per_epoch': 3, 'batch_size': None}"
1,xmitdb_x108_0.csv,0.5141728512,0.39627974,0.4666666434,0.7238333146,0.7359999853,0.447826577,0.5555555556,861.3301,2.9587,"{'learning_rate': 0.01, 'loss': 'mse', 'clipnorm': 1, 'epochs': 1, 'steps_per_epoch': 3, 'batch_size': None}"
2,xmitdb_x108_0.csv,0.4995123756,0.2916666523,0.599999958,0.9079999673,0.8921999822,0.348676186,0.4444444444,839.8121,2.1236,"{'learning_rate': 0.01, 'loss': 'msle', 'clipnorm': 2, 'epochs': 1, 'steps_per_epoch': 2, 'batch_size': None}"
3,xmitdb_x108_0.csv,0.5003904308,0.2166666635,0.2499999813,0.7889999747,0.8852499779,0.3714896776,0.5,907.7752,3.1639,"{'learning_rate': 0.005, 'loss': 'msle', 'clipnorm': 2, 'epochs': 1, 'steps_per_epoch': 2, 'batch_size': None}"
4,xmitdb_x108_0.csv,0.2116378992,0.1428571426,0,0.3639999892,0.7753999845,0.1501408713,0.5555555556,974.6773,2.6968,"{'learning_rate': 0.01, 'loss': 'mse', 'clipnorm': 1, 'epochs': 1, 'steps_per_epoch': 3, 'batch_size': None}"
5,xmitdb_x108_0.csv,0.4722016123,0.2083333273,0.2666666491,0.8451666359,0.8897999822,0.3307468209,0.4444444444,839.2835,2.8741,"{'learning_rate': 0.007, 'loss': 'msle', 'clipnorm': 1, 'epochs': 1, 'steps_per_epoch': 3, 'batch_size': None}"
6,xmitdb_x108_0.csv,0.2610348962,0.2492063432,0,0.4056666547,0.8347499791,0.1932158704,0.1428571429,849.5525,4.2467,"{'learning_rate': 0.01, 'loss': 'mse', 'clipnorm': 1, 'epochs': 1, 'steps_per_epoch': 3, 'batch_size': None}"
7,xmitdb_x108_0.csv,0.1939809343,0.1833333336,0,0.2974999912,0.6884999828,0.1450809505,0.3333333333,993.825,3.8868,"{'learning_rate': 0.01, 'loss': 'mse', 'clipnorm': 1, 'epochs': 1, 'steps_per_epoch': 3, 'batch_size': None}"
8,xmitdb_x108_0.csv,0.2539158677,0.1547619035,0,0.418499989,0.6737999865,0.1824761884,0.4444444444,990.4623,3.5248,"{'learning_rate': 0.01, 'loss': 'mse', 'clipnorm': 1, 'epochs': 1, 'steps_per_epoch': 3, 'batch_size': None}"
9,xmitdb_x108_0.csv,0.5058139185,0.1444444462,0.06666666311,0.8351666439,0.9375999812,0.3640194403,0.4444444444,1012.5961,2.4564,"{'learning_rate': 0.005, 'loss': 'msle', 'clipnorm': 2, 'epochs': 1, 'steps_per_epoch': 3, 'batch_size': None}"
0,cardio.csv,0.1885412653,0.03707967882,0.7072649294,0.764333305,0.6122564087,0.1693674729,0.8285714286,815.1074,4.7195,"{'learning_rate': 0.01, 'loss': 'msle', 'clipnorm': 1, 'epochs': 1, 'steps_per_epoch': 9, 'batch_size': None}"
1,cardio.csv,0.389906966,0.3648147897,0.9230768899,0.7639999745,0.335820512,0.3383095001,0.8585714286,994.9413,5.2723,"{'learning_rate': 0.01, 'loss': 'mse', 'clipnorm': 2, 'epochs': 1, 'steps_per_epoch': 9, 'batch_size': None}"
2,cardio.csv,0.1854148986,0.06621260497,0.5065789332,0.6702499825,0.6518421035,0.1835998646,0.8047619048,988.5813,3.8152,"{'learning_rate': 0.01, 'loss': 'msle', 'clipnorm': 2, 'epochs': 1, 'steps_per_epoch': 9, 'batch_size': None}"
3,cardio.csv,0.5457922961,0.7499999448,0.9999999724,0.7509999812,0.2507368414,0.6663845182,0.8247619048,973.9272,4.508,"{'learning_rate': 0.01, 'loss': 'mse', 'clipnorm': 2, 'epochs': 1, 'steps_per_epoch': 9, 'batch_size': None}"
4,cardio.csv,0.2666660719,0.195550144,0.7918918739,0.6739999865,0.5243243229,0.3464216895,0.880952381,968.3552,6.7278,"{'learning_rate': 0.01, 'loss': 'msle', 'clipnorm': 1, 'epochs': 1, 'steps_per_epoch': 9, 'batch_size': None}"
5,cardio.csv,0.1246905943,0.09056914965,0.675213651,0.7291666423,0.6605897419,0.06993812264,0.8285714286,979.1748,3.1949,"{'learning_rate': 0.01, 'loss': 'msle', 'clipnorm': 2, 'epochs': 1, 'steps_per_epoch': 9, 'batch_size': None}"
6,cardio.csv,0.3019202162,0.5468749569,0.9144736585,0.8122499794,0.5831578932,0.3480335524,0.8347619048,964.0272,6.6796,"{'learning_rate': 0.005, 'loss': 'msle', 'clipnorm': 2.5, 'epochs': 1, 'steps_per_epoch': 9, 'batch_size': None}"
7,cardio.csv,0.2504775429,0.06747099926,0.6589912041,0.6004166504,0.4643157883,0.37151235,0.8747619048,982.7448,3.0269,"{'learning_rate': 0.01, 'loss': 'msle', 'clipnorm': 1, 'epochs': 1, 'steps_per_epoch': 9, 'batch_size': None}"
8,cardio.csv,0.4814382273,0.7581348796,0.9861110919,0.7164999881,0.3593611101,0.6192394716,0.8571428571,961.245,4.2517,"{'learning_rate': 0.007, 'loss': 'msle', 'clipnorm': 2.5, 'epochs': 1, 'steps_per_epoch': 9, 'batch_size': None}"
9,cardio.csv,0.4294870787,0.7499999448,0.9999999724,0.8579999786,0.4772105251,0.4536031769,0.7947619048,901.5848,2.2627,"{'learning_rate': 0.01, 'loss': 'msle', 'clipnorm': 2, 'epochs': 1, 'steps_per_epoch': 9, 'batch_size': None}"
0,cardio_blood.csv,0.1169795699,0.09931456961,0.6837606567,0.6278333115,0.5568974345,0.06844110529,0.8385714286,716.9799,4.9719,"{'learning_rate': 0.01, 'loss': 'msle', 'clipnorm': 2, 'epochs': 1, 'steps_per_epoch': 9, 'batch_size': None}"
1,cardio_blood.csv,0.3500119725,0.4999999375,0.9999999475,0.9529999524,0.4530249989,0.3006780074,0.8123809524,1047.8803,2.6354,"{'learning_rate': 0.005, 'loss': 'mse', 'clipnorm': 1, 'epochs': 1, 'steps_per_epoch': 9, 'batch_size': None}"
2,cardio_blood.csv,0.1937104499,0.1714015072,0.7938596174,0.8614166391,0.670026314,0.1191907101,0.8447619048,941.8026,3.4314,"{'learning_rate': 0.01, 'loss': 'msle', 'clipnorm': 2, 'epochs': 1, 'steps_per_epoch': 9, 'batch_size': None}"
3,cardio_blood.csv,0.6183885157,0.7499999448,0.9999999724,0.8034999799,0.2009473679,0.7002305217,0.8047619048,1041.057,3.524,"{'learning_rate': 0.005, 'loss': 'mse', 'clipnorm': 1, 'epochs': 1, 'steps_per_epoch': 9, 'batch_size': None}"
4,cardio_blood.csv,0.3107322688,0.2247913989,0.7609648863,0.6735833142,0.4134999989,0.3598589901,0.8147619048,946.6204,5.3389,"{'learning_rate': 0.01, 'loss': 'mse', 'clipnorm': 1, 'epochs': 1, 'steps_per_epoch': 9, 'batch_size': None}"
5,cardio_blood.csv,0.3626176541,0.3062191851,0.7105262945,0.4449999885,0.2088684205,0.7254068,0.7947619048,866.5375,3.0242,"{'learning_rate': 0.005, 'loss': 'mse', 'clipnorm': 1, 'epochs': 1, 'steps_per_epoch': 9, 'batch_size': None}"
6,cardio_blood.csv,0.3137425119,0.2577380837,0.8848683962,0.7117499819,0.4477894725,0.3788223878,0.8247619048,900.9606,3.5065,"{'learning_rate': 0.01, 'loss': 'msle', 'clipnorm': 2, 'epochs': 1, 'steps_per_epoch': 9, 'batch_size': None}"
7,cardio_blood.csv,0.2010582059,0.1608699583,0.6652777604,0.6470999862,0.559805554,0.1300075038,0.8571428571,980.977,4.3601,"{'learning_rate': 0.007, 'loss': 'msle', 'clipnorm': 1, 'epochs': 1, 'steps_per_epoch': 9, 'batch_size': None}"
8,cardio_blood.csv,0.3863293236,0.4055555289,0.9649122539,0.712999982,0.3477105254,0.5156941369,0.7847619048,1112.2526,3.8883,"{'learning_rate': 0.005, 'loss': 'mse', 'clipnorm': 1, 'epochs': 1, 'steps_per_epoch': 9, 'batch_size': None}"
9,cardio_blood.csv,0.2879057323,0.3946969494,0.8756756526,0.7284999841,0.4978378365,0.2484776104,0.880952381,936.6221,2.2553,"{'learning_rate': 0.01, 'loss': 'msle', 'clipnorm': 2, 'epochs': 1, 'steps_per_epoch': 9, 'batch_size': None}"
0,cardio_veins.csv,0.2139511956,0.2916666422,0.948717907,0.8756666347,0.6721794855,0.165830942,0.9285714286,774.5906,2.644,"{'learning_rate': 0.01, 'loss': 'msle', 'clipnorm': 2, 'epochs': 1, 'steps_per_epoch': 9, 'batch_size': None}"
1,cardio_veins.csv,0.5159676476,0.6930951953,0.9837837614,0.7933999841,0.3425135126,0.5810710847,0.880952381,903.8352,3.312,"{'learning_rate': 0.005, 'loss': 'mse', 'clipnorm': 2.5, 'epochs': 1, 'steps_per_epoch': 9, 'batch_size': None}"
2,cardio_veins.csv,0.4216419587,0.5694443936,0.9914529559,0.8479999717,0.3551538452,0.4378200946,0.9285714286,870.9698,2.9319,"{'learning_rate': 0.005, 'loss': 'mse', 'clipnorm': 1, 'epochs': 1, 'steps_per_epoch': 9, 'batch_size': None}"
3,cardio_veins.csv,0.3004719699,0.2412036928,0.9018017782,0.6485833187,0.4097027016,0.4513498595,0.880952381,958.1598,3.5883,"{'learning_rate': 0.01, 'loss': 'msle', 'clipnorm': 2, 'epochs': 1, 'steps_per_epoch': 9, 'batch_size': None}"
4,cardio_veins.csv,0.3572046468,0.3764880744,0.9144736585,0.7307499814,0.4231842094,0.457779352,0.9047619048,1044.8505,4.3685,"{'learning_rate': 0.01, 'loss': 'msle', 'clipnorm': 2, 'epochs': 1, 'steps_per_epoch': 9, 'batch_size': None}"
5,cardio_veins.csv,0.3684680641,0.7499999338,0.9999999697,0.869499976,0.4803684198,0.3798523588,0.9047619048,1082.1742,3.1495,"{'learning_rate': 0.005, 'loss': 'msle', 'clipnorm': 2, 'epochs': 1, 'steps_per_epoch': 9, 'batch_size': None}"
6,cardio_veins.csv,0.5813094487,0.7499999448,0.9999999724,0.8427499789,0.2844210519,0.6279622666,0.9047619048,973.2852,3.4609,"{'learning_rate': 0.005, 'loss': 'mse', 'clipnorm': 2, 'epochs': 1, 'steps_per_epoch': 9, 'batch_size': None}"
7,cardio_veins.csv,0.2519044567,0.07710622407,0.7435897169,0.6073333131,0.3831794862,0.2789344928,0.9285714286,932.7938,4.3036,"{'learning_rate': 0.01, 'loss': 'mse', 'clipnorm': 1, 'epochs': 1, 'steps_per_epoch': 9, 'batch_size': None}"
8,cardio_veins.csv,0.3539106079,0.5166666204,0.9829059476,0.8386666387,0.5269487166,0.4047862302,0.9285714286,1010.4136,2.6683,"{'learning_rate': 0.01, 'loss': 'msle', 'clipnorm': 2, 'epochs': 1, 'steps_per_epoch': 9, 'batch_size': None}"
9,cardio_veins.csv,0.09877275524,0.09832250743,0.5866227854,0.4658333205,0.4703684198,0.05801241523,0.9047619048,859.5663,2.3589,"{'learning_rate': 0.01, 'loss': 'msle', 'clipnorm': 2, 'epochs': 1, 'steps_per_epoch': 9, 'batch_size': None}"
0,chess_krkopt_zerovsall.csv,0.005029281801,0.005641470347,0.1847672864,0.142398772,0.2417227138,0.002565957556,0.8376436782,1696.1451,3.9941,"{'learning_rate': 0.007, 'loss': 'msle', 'clipnorm': 1, 'epochs': 1, 'steps_per_epoch': 132, 'batch_size': None}"
1,chess_krkopt_zerovsall.csv,0.002440295572,0.001752139705,0.04798347705,0.1321666637,0.2914577259,0.001235163889,0.7227011494,1895.0975,3.5677,"{'learning_rate': 0.007, 'loss': 'msle', 'clipnorm': 1, 'epochs': 1, 'steps_per_epoch': 132, 'batch_size': None}"
2,chess_krkopt_zerovsall.csv,0.01591473828,0.01027389849,0.2145829324,0.361305209,0.4565221238,0.008138600004,0.9684813754,1944.7018,3.2457,"{'learning_rate': 0.005, 'loss': 'msle', 'clipnorm': 2, 'epochs': 1, 'steps_per_epoch': 132, 'batch_size': None}"
3,chess_krkopt_zerovsall.csv,0.004378738219,0.002404829027,0.2268357418,0.3074999931,0.4061594202,0.00220583217,0.952722063,1942.285,2.7616,"{'learning_rate': 0.005, 'loss': 'msle', 'clipnorm': 2, 'epochs': 1, 'steps_per_epoch': 132, 'batch_size': None}"
4,chess_krkopt_zerovsall.csv,0.003769663818,0.0009596930315,0.2528818259,0.3789999855,0.4714308357,0.001895136223,0.994269341,1879.0743,2.6373,"{'learning_rate': 0.01, 'loss': 'msle', 'clipnorm': 2, 'epochs': 1, 'steps_per_epoch': 132, 'batch_size': None}"
5,chess_krkopt_zerovsall.csv,0.006309056943,0.002581823054,0.0629859068,0.2694166626,0.4368046647,0.003197120473,0.9383954155,1260.2299,2.5824,"{'learning_rate': 0.005, 'loss': 'msle', 'clipnorm': 2, 'epochs': 1, 'steps_per_epoch': 132, 'batch_size': None}"
6,chess_krkopt_zerovsall.csv,0.003846626273,0.00230166536,0.07880434505,0.3065833247,0.4599782608,0.001937984586,0.9799426934,1275.6364,2.0149,"{'learning_rate': 0.007, 'loss': 'msle', 'clipnorm': 1, 'epochs': 1, 'steps_per_epoch': 132, 'batch_size': None}"
7,chess_krkopt_zerovsall.csv,0.006664719582,0.01116977252,0.3621210094,0.1753604879,0.2213489736,0.003419614508,0.8794835007,1227.5242,1.9925,"{'learning_rate': 0.007, 'loss': 'msle', 'clipnorm': 1, 'epochs': 1, 'steps_per_epoch': 132, 'batch_size': None}"
8,chess_krkopt_zerovsall.csv,0,0,0,0,0.2218681948,0,0.8767908309,1231.3312,2.0385,"{'learning_rate': 0.007, 'loss': 'msle', 'clipnorm': 1, 'epochs': 1, 'steps_per_epoch': 132, 'batch_size': None}"
9,chess_krkopt_zerovsall.csv,0.002136263496,0.001550387731,0.07101449,0.166999996,0.3947884057,0.001075351817,0.6172661871,1245.7181,2.1245,"{'learning_rate': 0.01, 'loss': 'msle', 'clipnorm': 2, 'epochs': 1, 'steps_per_epoch': 132, 'batch_size': None}"
0,cmc-nominal.csv,0.08572162242,0.0472343027,0.04710144777,0.2708333269,0.5881739105,0.05229477935,0.4516129032,805.9927,3.2732,"{'learning_rate': 0.005, 'loss': 'msle', 'clipnorm': 2, 'epochs': 1, 'steps_per_epoch': 7, 'batch_size': None}"
1,cmc-nominal.csv,0.04794109376,0.01785714726,0,0.2839999863,0.6782222197,0.026734964,0.75,965.3658,3.7015,"{'learning_rate': 0.01, 'loss': 'msle', 'clipnorm': 1, 'epochs': 1, 'steps_per_epoch': 7, 'batch_size': None}"
2,cmc-nominal.csv,0.02424014949,0.02173913181,0.2666666391,0.2559999808,0.4541333318,0.01282163834,0.75,959.2998,3.9576,"{'learning_rate': 0.007, 'loss': 'msle', 'clipnorm': 2.5, 'epochs': 1, 'steps_per_epoch': 7, 'batch_size': None}"
3,cmc-nominal.csv,0.2449826635,0.2387797785,0.4205751034,0.4275774481,0.5108421026,0.1844537354,0.4666666667,978.6753,7.5481,"{'learning_rate': 0.01, 'loss': 'msle', 'clipnorm': 1, 'epochs': 1, 'steps_per_epoch': 7, 'batch_size': None}"
4,cmc-nominal.csv,0.2268936777,0.1637583545,0.2411764656,0.3914725052,0.5194705852,0.1781456503,0.3043478261,982.4332,2.4267,"{'learning_rate': 0.005, 'loss': 'msle', 'clipnorm': 2.5, 'epochs': 1, 'steps_per_epoch': 7, 'batch_size': None}"
5,cmc-nominal.csv,0.1353463749,0.09816087041,0.161458325,0.2655809475,0.4553749972,0.09592736324,0.4333333333,953.5386,3.1989,"{'learning_rate': 0.01, 'loss': 'msle', 'clipnorm': 1, 'epochs': 1, 'steps_per_epoch': 7, 'batch_size': None}"
6,cmc-nominal.csv,0,0,0,0,0.5171212106,0,0.303030303,926.1375,3.1606,"{'learning_rate': 0.01, 'loss': 'msle', 'clipnorm': 2, 'epochs': 1, 'steps_per_epoch': 7, 'batch_size': None}"
7,cmc-nominal.csv,0,0,0,0,0.5749999983,0,0.8787878788,981.2934,5.7809,"{'learning_rate': 0.01, 'loss': 'msle', 'clipnorm': 1, 'epochs': 1, 'steps_per_epoch': 7, 'batch_size': None}"
8,cmc-nominal.csv,0.1468824382,0.06641866465,0.08842506515,0.3702054036,0.650047616,0.1013956875,0.4545454545,1024.6359,3.4854,"{'learning_rate': 0.01, 'loss': 'msle', 'clipnorm': 2, 'epochs': 1, 'steps_per_epoch': 7, 'batch_size': None}"
9,cmc-nominal.csv,0.1071549734,0.09660645365,0.4777777497,0.4621666434,0.4504999985,0.07044237269,0.7575757576,892.5461,2.2369,"{'learning_rate': 0.01, 'loss': 'msle', 'clipnorm': 1, 'epochs': 1, 'steps_per_epoch': 7, 'batch_size': None}"
0,power_data.csv,0.1652826279,0.1642801135,0.01787439587,0.3354595927,0.6723478232,0.109867823,0.6388888889,843.7194,2.9714,"{'learning_rate': 0.01, 'loss': 'msle', 'clipnorm': 1, 'epochs': 1, 'steps_per_epoch': 8, 'batch_size': None}"
1,power_data.csv,0.1824377515,0.1132860564,0.2499999955,0.4173499947,0.6025416642,0.1172017809,0.6388888889,933.829,3.5022,"{'learning_rate': 0.01, 'loss': 'msle', 'clipnorm': 2, 'epochs': 1, 'steps_per_epoch': 8, 'batch_size': None}"
2,power_data.csv,0.2303690516,0.2125571124,0.4525793571,0.4596059474,0.5218749978,0.1609289817,0.6666666667,1016.3291,8.0051,"{'learning_rate': 0.01, 'loss': 'msle', 'clipnorm': 2, 'epochs': 1, 'steps_per_epoch': 8, 'batch_size': None}"
3,power_data.csv,0.1171418675,0.1326055044,0.2267301544,0.2771071389,0.4107199984,0.07987568696,0.5714285714,957.6492,3.051,"{'learning_rate': 0.007, 'loss': 'msle', 'clipnorm': 2.5, 'epochs': 1, 'steps_per_epoch': 8, 'batch_size': None}"
4,power_data.csv,0.2131481039,0.2665817201,0.339134346,0.3287993862,0.4101363618,0.227956498,0.5833333333,944.1243,3.6018,"{'learning_rate': 0.007, 'loss': 'msle', 'clipnorm': 2.5, 'epochs': 1, 'steps_per_epoch': 8, 'batch_size': None}"
5,power_data.csv,0.07732316531,0.04301485882,0.07999999635,0.293333326,0.4786399981,0.04499185066,0.4705882353,1028.7431,2.6703,"{'learning_rate': 0.005, 'loss': 'msle', 'clipnorm': 1, 'epochs': 1, 'steps_per_epoch': 8, 'batch_size': None}"
6,power_data.csv,0.07863286119,0.06996631764,0.05208333181,0.2831666599,0.5522499977,0.0462759831,0.4722222222,1005.7815,4.057,"{'learning_rate': 0.01, 'loss': 'msle', 'clipnorm': 2, 'epochs': 1, 'steps_per_epoch': 8, 'batch_size': None}"
7,power_data.csv,0.2537975708,0.1655559054,0.2764524073,0.5747511823,0.7166956491,0.1804208143,0.6388888889,960.3632,4.4891,"{'learning_rate': 0.01, 'loss': 'msle', 'clipnorm': 1, 'epochs': 1, 'steps_per_epoch': 8, 'batch_size': None}"
8,power_data.csv,0.1376472082,0.1463029206,0.07291666545,0.2997083301,0.5662499976,0.08957285477,0.6388888889,978.1906,3.534,"{'learning_rate': 0.01, 'loss': 'msle', 'clipnorm': 1, 'epochs': 1, 'steps_per_epoch': 8, 'batch_size': None}"
9,power_data.csv,0.1882561186,0.1857502465,0.2363087359,0.374412875,0.5426956498,0.1269045454,0.3714285714,905.6706,2.2458,"{'learning_rate': 0.005, 'loss': 'msle', 'clipnorm': 2.5, 'epochs': 1, 'steps_per_epoch': 8, 'batch_size': None}"
0,power_data_ecc.csv,0.09094690964,0.0981752035,0.09682539513,0.2247428543,0.5821071408,0.05768475658,0.2368421053,633.5505,3.336,"{'learning_rate': 0.005, 'loss': 'msle', 'clipnorm': 1, 'epochs': 1, 'steps_per_epoch': 8, 'batch_size': None}"
1,power_data_ecc.csv,0.1774745237,0.1886026311,0.3469282723,0.293973515,0.4044074059,0.1457046394,0.4210526316,797.3232,2.8375,"{'learning_rate': 0.005, 'loss': 'msle', 'clipnorm': 1, 'epochs': 1, 'steps_per_epoch': 8, 'batch_size': None}"
2,power_data_ecc.csv,0.1062802072,0.1202916873,0.1764576951,0.2512771603,0.4885925908,0.07546891129,0.4736842105,785.1886,2.8644,"{'learning_rate': 0.002, 'loss': 'msle', 'clipnorm': 1, 'epochs': 1, 'steps_per_epoch': 8, 'batch_size': None}"
3,power_data_ecc.csv,0.1621558728,0.157153512,0.1981442673,0.3019096179,0.5594999978,0.1182204844,0.3421052632,765.525,6.0447,"{'learning_rate': 0.002, 'loss': 'msle', 'clipnorm': 1, 'epochs': 1, 'steps_per_epoch': 8, 'batch_size': None}"
4,power_data_ecc.csv,0.09626005983,0.1095526846,0.1622574926,0.2426039649,0.4774444427,0.0613838048,0.4324324324,829.5983,2.9882,"{'learning_rate': 0.01, 'loss': 'msle', 'clipnorm': 1, 'epochs': 1, 'steps_per_epoch': 8, 'batch_size': None}"
5,power_data_ecc.csv,0.1825952684,0.1431653794,0.164098399,0.3901320301,0.6885384589,0.1224539239,0.2058823529,812.0089,8.776,"{'learning_rate': 0.002, 'loss': 'msle', 'clipnorm': 1, 'epochs': 1, 'steps_per_epoch': 8, 'batch_size': None}"
6,power_data_ecc.csv,0.1701745483,0.2133624758,0.2578041924,0.254316154,0.3895999984,0.1457097325,0.5675675676,825.7122,3.9103,"{'learning_rate': 0.01, 'loss': 'msle', 'clipnorm': 1, 'epochs': 1, 'steps_per_epoch': 8, 'batch_size': None}"
7,power_data_ecc.csv,0.0956148259,0.1283758185,0.07867564421,0.1727109291,0.4520370354,0.07273318126,0.4864864865,820.314,6.3543,"{'learning_rate': 0.01, 'loss': 'msle', 'clipnorm': 1, 'epochs': 1, 'steps_per_epoch': 8, 'batch_size': None}"
8,power_data_ecc.csv,0.09178438906,0.09849550164,0.2033446677,0.2001095206,0.3553928559,0.06961130952,0.5945945946,822.6338,2.7203,"{'learning_rate': 0.01, 'loss': 'msle', 'clipnorm': 1, 'epochs': 1, 'steps_per_epoch': 8, 'batch_size': None}"
9,power_data_ecc.csv,0.1286759444,0.105294932,0.1208616759,0.3573726137,0.5765714265,0.08123787041,0.4473684211,827.5583,6.074,"{'learning_rate': 0.005, 'loss': 'msle', 'clipnorm': 1, 'epochs': 1, 'steps_per_epoch': 8, 'batch_size': None}"
0,real_17.csv,0.6975706096,0.9270833098,0.9882812376,0.6169999961,0.02131249987,0.986271105,0.53125,774.6943,3.4386,"{'learning_rate': 0.007, 'loss': 'msle', 'clipnorm': 1, 'epochs': 1, 'steps_per_epoch': 7, 'batch_size': None}"
1,real_17.csv,0.6305286474,0.9285714025,0.9999999873,0.5715714245,0.01083333327,0.993030674,0.59375,929.2167,2.6958,"{'learning_rate': 0.005, 'loss': 'mse', 'clipnorm': 1, 'epochs': 1, 'steps_per_epoch': 7, 'batch_size': None}"
2,real_17.csv,0.4676075022,0.9285714025,0.9999999873,0.3813571401,0.01077777772,0.9923286932,0.65625,1031.7218,3.463,"{'learning_rate': 0.007, 'loss': 'msle', 'clipnorm': 1, 'epochs': 1, 'steps_per_epoch': 7, 'batch_size': None}"
3,real_17.csv,0.5802916819,0.9333333083,0.9999999875,0.4896216083,0.009705882296,0.993471678,0.625,991.2205,3.3719,"{'learning_rate': 0.005, 'loss': 'mse', 'clipnorm': 1, 'epochs': 1, 'steps_per_epoch': 7, 'batch_size': None}"
4,real_17.csv,0.5760581888,0.9285714025,0.9999999873,0.4978571393,0.01522222214,0.9902224179,0.6875,1032.0054,2.9191,"{'learning_rate': 0.007, 'loss': 'msle', 'clipnorm': 1, 'epochs': 1, 'steps_per_epoch': 7, 'batch_size': None}"
5,real_17.csv,0.6759358287,0.9011707684,0.9956709819,0.5592727222,0.01533333326,0.9875059668,0.71875,899.9683,2.6197,"{'learning_rate': 0.01, 'loss': 'mse', 'clipnorm': 1, 'epochs': 1, 'steps_per_epoch': 7, 'batch_size': None}"
6,real_17.csv,0.7723802255,0.9090908783,0.9999999861,0.7092727208,0.02419047608,0.9779006946,0.65625,916.3606,3.6732,"{'learning_rate': 0.005, 'loss': 'mse', 'clipnorm': 1, 'epochs': 1, 'steps_per_epoch': 7, 'batch_size': None}"
7,real_17.csv,0.5638280423,0.8818993206,0.9805194669,0.489454541,0.01933333324,0.9838411473,0.65625,919.5641,4.5625,"{'learning_rate': 0.005, 'loss': 'mse', 'clipnorm': 1, 'epochs': 1, 'steps_per_epoch': 7, 'batch_size': None}"
8,real_17.csv,0.615576763,0.9090908783,0.9999999861,0.5256363589,0.01766666658,0.9840453933,0.71875,1038.5351,3.2447,"{'learning_rate': 0.01, 'loss': 'msle', 'clipnorm': 2, 'epochs': 1, 'steps_per_epoch': 7, 'batch_size': None}"
9,real_17.csv,0.5118107271,0.7877777474,0.9338383689,0.4140666625,0.02045454536,0.9771801564,0.71875,876.456,2.1183,"{'learning_rate': 0.007, 'loss': 'msle', 'clipnorm': 1, 'epochs': 1, 'steps_per_epoch': 7, 'batch_size': None}"
0,real_18.csv,0.6026773683,0.9090908783,0.9999999861,0.5403636315,0.009238095194,0.9912335419,0.6875,757.574,3.6722,"{'learning_rate': 0.01, 'loss': 'msle', 'clipnorm': 1, 'epochs': 1, 'steps_per_epoch': 7, 'batch_size': None}"
1,real_18.csv,0.5577232102,0.9090908778,0.9999999861,0.4656999957,0.01061904757,0.9896130056,0.6875,973.5579,2.6136,"{'learning_rate': 0.005, 'loss': 'msle', 'clipnorm': 1, 'epochs': 1, 'steps_per_epoch': 7, 'batch_size': None}"
2,real_18.csv,0.8046925305,0.9230768956,0.999999987,0.7469102506,0.02589473671,0.9767808892,0.59375,953.0168,4.3255,"{'learning_rate': 0.007, 'loss': 'mse', 'clipnorm': 1, 'epochs': 1, 'steps_per_epoch': 7, 'batch_size': None}"
3,real_18.csv,0.6727094769,0.9166666377,0.9999999867,0.5954166617,0.01394999993,0.9898431233,0.78125,969.4046,3.2012,"{'learning_rate': 0.005, 'loss': 'msle', 'clipnorm': 1, 'epochs': 1, 'steps_per_epoch': 7, 'batch_size': None}"
4,real_18.csv,0.5157467245,0.9090908746,0.9999999861,0.4408403996,0.006904761872,0.9938534358,0.6875,943.9642,2.7795,"{'learning_rate': 0.005, 'loss': 'mse', 'clipnorm': 2, 'epochs': 1, 'steps_per_epoch': 7, 'batch_size': None}"
5,real_18.csv,0.789437296,0.9166666377,0.9999999867,0.724999994,0.01029999995,0.9903983033,0.65625,946.6616,3.0613,"{'learning_rate': 0.005, 'loss': 'mse', 'clipnorm': 2, 'epochs': 1, 'steps_per_epoch': 7, 'batch_size': None}"
6,real_18.csv,0.6414494423,0.9285714025,0.9999999873,0.5502142818,0.006944444406,0.9949065278,0.75,953.4514,2.7299,"{'learning_rate': 0.005, 'loss': 'msle', 'clipnorm': 1, 'epochs': 1, 'steps_per_epoch': 7, 'batch_size': None}"
7,real_18.csv,0.5832750293,0.9090908783,0.9999999861,0.4659090867,0.005142857118,0.995114252,0.8125,936.6844,3.2901,"{'learning_rate': 0.005, 'loss': 'msle', 'clipnorm': 1, 'epochs': 1, 'steps_per_epoch': 7, 'batch_size': None}"
8,real_18.csv,0.4636427033,0.9230768955,0.999999987,0.3870833303,0.01642105255,0.9852237618,0.71875,1003.2381,2.9391,"{'learning_rate': 0.005, 'loss': 'msle', 'clipnorm': 1, 'epochs': 1, 'steps_per_epoch': 7, 'batch_size': None}"
9,real_18.csv,0.7581043169,0.9285714025,0.9999999873,0.695499995,0.01133333327,0.9906407271,0.59375,917.6045,2.678,"{'learning_rate': 0.007, 'loss': 'mse', 'clipnorm': 1, 'epochs': 1, 'steps_per_epoch': 7, 'batch_size': None}"
0,real_19.csv,0.5534196715,0.8999999672,0.9999999855,0.4837999952,0.02886363623,0.9741385897,0.71875,764.6197,2.4437,"{'learning_rate': 0.005, 'loss': 'msle', 'clipnorm': 2, 'epochs': 1, 'steps_per_epoch': 7, 'batch_size': None}"
1,real_19.csv,0.6053741349,0.9166666365,0.9999999867,0.5020909049,0.01279999994,0.9890530319,0.8125,983.3271,2.3817,"{'learning_rate': 0.005, 'loss': 'msle', 'clipnorm': 2, 'epochs': 1, 'steps_per_epoch': 7, 'batch_size': None}"
2,real_19.csv,0.4900890775,0.9285714025,0.9999999873,0.380214283,0.006833333295,0.9952162273,0.6875,998.7076,3.0328,"{'learning_rate': 0.007, 'loss': 'msle', 'clipnorm': 1, 'epochs': 1, 'steps_per_epoch': 7, 'batch_size': None}"
3,real_19.csv,0.6045590385,0.9230768957,0.999999987,0.5101538422,0.03121052615,0.9765186551,0.71875,959.7869,4.5187,"{'learning_rate': 0.007, 'loss': 'msle', 'clipnorm': 1, 'epochs': 1, 'steps_per_epoch': 7, 'batch_size': None}"
4,real_19.csv,0.3604456999,0.8952183873,0.9913419776,0.2659818157,0.007476190441,0.9931051406,0.78125,926.9978,3.051,"{'learning_rate': 0.005, 'loss': 'msle', 'clipnorm': 2, 'epochs': 1, 'steps_per_epoch': 7, 'batch_size': None}"
5,real_19.csv,0.7818863077,0.9166666377,0.9999999867,0.7218333273,0.03159999984,0.9671497463,0.8125,954.9728,4.2823,"{'learning_rate': 0.005, 'loss': 'mse', 'clipnorm': 1, 'epochs': 1, 'steps_per_epoch': 7, 'batch_size': None}"
6,real_19.csv,0.5956919257,0.8970438998,0.9874999868,0.5683333286,0.1188499994,0.9080740978,0.65625,889.632,3.2415,"{'learning_rate': 0.01, 'loss': 'msle', 'clipnorm': 2, 'epochs': 1, 'steps_per_epoch': 7, 'batch_size': None}"
7,real_19.csv,0.4796379859,0.9230768954,0.999999987,0.3926538431,0.01147368415,0.9903086111,0.6875,1016.3418,3.3385,"{'learning_rate': 0.01, 'loss': 'mse', 'clipnorm': 1, 'epochs': 1, 'steps_per_epoch': 7, 'batch_size': None}"
8,real_19.csv,0.6841001322,0.9230768956,0.999999987,0.5823846109,0.01742105254,0.9850474604,0.75,990.4144,3.1088,"{'learning_rate': 0.007, 'loss': 'msle', 'clipnorm': 1, 'epochs': 1, 'steps_per_epoch': 7, 'batch_size': None}"
9,real_19.csv,0.5368174638,0.9097221932,0.99583332,0.4380606023,0.02514999987,0.9784937389,0.625,894.1065,2.1235,"{'learning_rate': 0.01, 'loss': 'mse', 'clipnorm': 1, 'epochs': 1, 'steps_per_epoch': 7, 'batch_size': None}"
0,real_32.csv,0.09563699358,0.444444422,0.9642856867,0.1136666624,0.04182142842,0.08575503201,0.9310344828,795.4574,7.5519,"{'learning_rate': 0.01, 'loss': 'mse', 'clipnorm': 1, 'epochs': 1, 'steps_per_epoch': 7, 'batch_size': None}"
1,real_32.csv,0.9066527057,0.8333332356,0.9999999763,0.8859999742,0.005111111092,0.9736513015,1,1069.4059,3.7924,"{'learning_rate': 0.01, 'loss': 'mse', 'clipnorm': 1, 'epochs': 1, 'steps_per_epoch': 7, 'batch_size': None}"
2,real_32.csv,0.8084615667,0.8749999407,0.9999999763,0.7520999849,0.00477777776,0.9057082641,1,978.4641,2.1083,"{'learning_rate': 0.005, 'loss': 'msle', 'clipnorm': 1, 'epochs': 1, 'steps_per_epoch': 7, 'batch_size': None}"
3,real_32.csv,0.8683191444,0.7999999484,0.9999999763,0.8210999831,0.005074074055,0.9926205515,1,993.8128,2.9679,"{'learning_rate': 0.01, 'loss': 'mse', 'clipnorm': 1, 'epochs': 1, 'steps_per_epoch': 7, 'batch_size': None}"
4,real_32.csv,0.9538923583,0.4999999688,0.9999999714,0.9389999751,0.006749999976,0.9891481908,1,889.9162,3.2634,"{'learning_rate': 0.01, 'loss': 'msle', 'clipnorm': 1, 'epochs': 1, 'steps_per_epoch': 7, 'batch_size': None}"
5,real_32.csv,0.5537266052,0.8333332726,0.9999999791,0.433433322,0.00365384614,0.9949369433,0.9310344828,968.2085,3.8333,"{'learning_rate': 0.01, 'loss': 'mse', 'clipnorm': 1, 'epochs': 1, 'steps_per_epoch': 7, 'batch_size': None}"
6,real_32.csv,0.756306761,0.8749999401,0.9999999763,0.7235499851,0.007370370343,0.8116383728,1,900.9613,3.2459,"{'learning_rate': 0.005, 'loss': 'msle', 'clipnorm': 2, 'epochs': 1, 'steps_per_epoch': 7, 'batch_size': None}"
7,real_32.csv,0.4862394061,0.8333332481,0.9999999763,0.4098333161,0.006185185162,0.660326981,0.9655172414,983.0639,2.5329,"{'learning_rate': 0.01, 'loss': 'mse', 'clipnorm': 1, 'epochs': 1, 'steps_per_epoch': 7, 'batch_size': None}"
8,real_32.csv,0.7150953456,0.7499999438,0.9999999714,0.6027499845,0.005142857124,0.9933377917,1,932.4042,3.1612,"{'learning_rate': 0.005, 'loss': 'msle', 'clipnorm': 2, 'epochs': 1, 'steps_per_epoch': 7, 'batch_size': None}"
9,real_32.csv,0.1570762772,0.8333332606,0.9999999763,0.1563333284,0.00322222221,0.1662930234,0.9,885.4711,2.5532,"{'learning_rate': 0.01, 'loss': 'mse', 'clipnorm': 1, 'epochs': 1, 'steps_per_epoch': 7, 'batch_size': None}"